{"acc": 0.7488937544390947, "loss": 0.21429065835328528, "_timestamp": 1672910510.0095263, "_runtime": 6.997913360595703, "_step": 7, "_wandb": {"runtime": 17}}