{"acc": 0.8239261391618673, "loss": 0.16176786173096463, "_timestamp": 1672910687.3229156, "_runtime": 6.511859655380249, "_step": 7, "_wandb": {"runtime": 37}}